level,alias,canonical,note
block,Thirumangalam,TIRUMANGALAM,common Th- spelling variant
block,Thiruparankundram,TIRUPPARANGUNRAM,common spelling variant of the LGD name
block,Thirupparankundram,TIRUPPARANGUNRAM,common spelling variant of the LGD name
block,Tiruparankundram,TIRUPPARANGUNRAM,common spelling variant of the LGD name
block,Chellampatty,CHELLAMPATTI,spelling variant
block,Sedapatty,SEDAPATTI,spelling variant
block,Usilampatty,USILAMPATTI,spelling variant
block,Vadipatty,VADIPATTI,spelling variant
district,Kanyakumari,Kanniyakumari,LGD uses Kanniyakumari
district,Nilgiris,The Nilgiris,LGD uses The Nilgiris
district,The Nilgiris District,The Nilgiris,LGD uses The Nilgiris
district,Teni,Theni,LGD uses Theni
district,Ranipettai,Ranipet,LGD uses Ranipet
district,Tiruppattur,Tirupathur,LGD uses Tirupathur
district,Tiruchirapalli,Tiruchirappalli,LGD spelling has double p
district,Trichy,Tiruchirappalli,common short form
district,Kallakkurichi,Kallakurichi,LGD uses single k
district,Thoothukudi,Tuticorin,LGD uses Tuticorin
district,Thootukudi,Tuticorin,LGD uses Tuticorin
district,Tiruvallur,Thiruvallur,LGD uses Thiruvallur
district,Tiruvarur,Thiruvarur,LGD uses Thiruvarur
district,Villuppuram,Villupuram,LGD uses single p
district,Bhagalpore,Bhagalpur,spelling variant
state,Pondicherry,Puducherry,renamed 2006
state,Orissa,Odisha,renamed 2011
state,Uttaranchal,Uttarakhand,renamed 2007
state,NCT of Delhi,Delhi,LGD uses Delhi
state,Tamilnadu,Tamil Nadu,missing space
block,Naugachia,Naugachhia,spelling used by bhagalpur.nic.in
block,Naugachhia,Naugachhia,LGD spelling
block,Rangra Chowk,Rangrachowk,spelling used by bhagalpur.nic.in
block,Sanhoula,Sonhaula,spelling used by bhagalpur.nic.in
block,Pirpainty,Pirpainti,spelling used by bhagalpur.nic.in
block,Nawgachia,Naugachhia,spelling variant
district,Mysore,Mysuru,older spelling still in common use
district,Bangalore Urban,Bengaluru Urban,older spelling still in common use
district,Bangalore Rural,Bengaluru Rural,older spelling still in common use
district,Tumkur,Tumakuru,older spelling still in common use
district,Chikmagalur,Chikkamagaluru,older spelling still in common use
district,Chickmagalur,Chikkamagaluru,older spelling still in common use
district,Chikkamangalore,Chikkamagaluru,spelling variant
district,Shimoga,Shivamogga,older spelling still in common use
district,Gulbarga,Kalaburagi,renamed 2014
district,Bijapur,Vijayapura,renamed 2014
district,Bellary,Ballari,renamed 2014
district,Belgaum,Belagavi,renamed 2014
district,Bagalkot,Bagalkote,spelling variant
district,Chamrajnagar,Chamarajanagara,spelling variant
district,Chamarajanagar,Chamarajanagara,spelling variant
district,Chikballapur,Chikkaballapura,spelling variant
district,Chikkaballapur,Chikkaballapura,spelling variant
